,Winery,Address,City,Website,Phone
0,3 Monkeys,P.O. Box 10366,Napa,www.3monkeyswine.com,313-3800
1,4 Bears,1370 Trancas Street #327,St. Helena,www.4bearswinery.com,226-1414
3,12 C Wines,P.O. Box 1251,Rutherford,www.12cwines.com,266-8036
4,13 Appellations,4006 Silverado Trail,Napa,www.13appellations.com,866 484-4783
5,29 Songs,1668 F Street,Napa,www.29songs.com,738-8108
8,Abigail Adams Wine Co,P.O. Box 2200,Yountville,www.abigailadamswines.com,944-1132
9,Abiouness Wine,2041 Olive Avenue St,St. Helena,www.abiounesswines.com,963-1546
10,Abreu Vineyard,2366 Madrona Road,St. Helena,www.abreuvineyards.com,963-7487
11,Acacia Winery,2750 Las Amigas Road,Napa,www.acaciavineyard.com,226-9991
12,Ackerman Family Vineyards,2101 Kirkland Ave,Napa,www.ackermanfamilyvineyards.com,226-6696
13,Adams Ridge Winery,3181 Kingston Avenue ,Napa,www.adamsridgewinery.net,226-3185
14,Adastra Wines,2545 Las Amigas Rd,Napa,www.adastrawines.com,255-4818   
15,Aetna Springs Cellars,7227 Pope Valley Road    ,Pope Valley,www.aetnaspringscellars.com,965-2675          
16,A.Faustini,270 Kruezer Lane,Napa,www.afaustini.com,736-6050
17,Ahnfeldt Wines,P.O. Box 6078,Napa,www.ahnfeldtwines.com,253-1139
18,Alante Vineyard,1156 York Lane,St. Helena,www.alantevineyard.com,967-4100
19,Alex Soltelo Cellars,4154 Burgandy Way,Napa,www.alexsotelocellars.com,224-5920
20,Allora Wines,3244 Elhlers Lane,St. Helena,www.allorawines.com,963-6071
21,Alpha Omega Winery,Hwy 29 at 1155 Mee Lane ,Rutherford,www.aowinery.com,942-0167
22,Altamura Vineyards & Winery,1700 Wooden Valley Road,Napa,www.altamura.com,253-2000 
23,Amazon Ranch,3738 Linda Vista Ave,Napa,www.amazonranch.com,226-1281
24,American Roots Winery,4380 Dale Drive,Napa,www.americanrootswinery.com,225-4686
25,Amethyst Winery,1339 Pearl St. Suite #201,Napa,www.amethystwines.com,265-6733   
26,Amici Cellars,P.O. Box 399,Rutherford,www.amicicellars.com,967-9560
27,Amizetta,1099 Greenfield Rd,St. Helena,www.amizetta.com,963-1460
30,Amuse Bouche,135 Camino Dorado Ste. 8,Napa,www.amusebouchewine.com,251-9700
31,Ancien Wines,4047 E. Third Ave,Napa,www.ancienwines.com,255 - 6104
32,Anderson's Conn Valley,680 Rossi Road,St. Helena,www.connvalleyvineyards.com,800 946-3497
33,Andesite Vineyard,4011 Spring Mountain Road,St. Helena,www.andesitevineyard.com,963-8895
34,Andretti Winery,4162 Big Ranch Road ,Napa,www.andrettiwinery.com,259-6777
35,Andrew Geoffrey Vineyard,836 Chiles Avenue,St. Helena,www.andrewgeoffrey.com,968-9770
36,Andrew Lane Winery,742 Sunnyside Road,St. Helena,www.andrewlanewines.com,815-3501
38,Anomaly Vineyards,P.O. Box 741,St. Helena,www.anomalyvineyards.com,967-8448
39,Antica Napa Valley,3149 Soda Canyon Road,Napa,www.anticanapavalley.com,265-8866
40,Aonair Wine,P.O. Box 6048,Napa,www.aonairwine.com,363-0680
41,Araujo Estate Wines,2155 Pickett Road,Calistoga,www.araujoestate.com,942-6061
42,Ardente Winery,2929 Atlas Peak Road,Napa,www.ardentewinery.com,226-7669
43,Arger-Martucci Vineyards,1455 Inglewood Avenue ,St. Helena,www.arger-martucci.com,963-4334
44,Arete Wines,110 Camino Oruga,Napa,www.aretewinecellars.com,200-1060
45,Arietta,3468 Silverado Trail,Oakville,www.arietta-wine.com,963-5918
46,Arkenstone Winery,335 West Lane,Angwin,www.arkenstonewine.com,888-6549
47,Armstrong Ranch,30 Kortum Canyon Road,Calistoga,www.armstrongranchwines.com,942-4488
48,Arns Winery,P.O. Box 652,St. Helena,www.arnswinery.com,963-3429
49,Arrow & Branch,3003 Hagen Road,Napa,www.arrowandbranch.com,927-3640
50,Artesa Winery,1345 Henry Road ,Napa,www.artesawinery.com,224-1668
51,Ashe Family Vineyards,7688 St. Helena Highway,Oakville,www.ashefamilyvineyards.com,982-8000
52,Astrale e Terra,5017 Silverado Trail,Napa,www.astraleeterra.com,255-1134
53,Atalon Winery,3299 Bennett Lane ,Calistoga,www.atalon.com,800 224-4090
54,Atlas Peak,3700 Soda Canyon Road ,Napa,www.atlaspeak.com,252-7971
55,Au Sommet,135 Camino Dorado,Napa,www.ausommetwine.com,251-9300
56,Aubert Wines,333 Silverado Trail,Calistoga,www.aubertwines.com,963-4569
57,August Briggs,1307-B Lincoln Avenue,Calistoga,www.augustbriggswines.com,942-4912
58,Aum Cellars,P.O. Box 774,Napa,www.aumcellars.com,266-8803
60,Autumn Moon Cellars,3310 Scenic Drive,Napa,www.autumnmooncellars.com,226-1866
61,Axios,9198 Red Branch Rd. St. H,Columbia MD,www.axioswine.com,410 309-9463
62,Azalea Springs,4301 Azalea Springs Way,Calistoga,www.azaleasprings.com,942-4811
63,Azur Wines,2537 Main Street,Napa,www.azurwines.com,812-4203
64,B. Kosuge Wines,P.O. Box 5413,Napa,www.bkosugewines.com,738-8396
65,B Cellars,400 Silverado Trail,Calistoga,www.bcellars.com,709-8787
66,Bacio-Divino,P.O. Box 131,Rutherford,www.baciodivino.com,942-8101
68,Baldacci Vineyards,6236 Silverado Trail,Yountville,www.baldaccivineyards.com,944-9261
69,Ballentine Vineyards,2820 St. Helena Highway N,St. Helena,www.ballentinevineyards.com,963-7919
70,Banknote Wines,P.O. Box 2535,Napa,www.banknotewines.com,815-8453
71,Barbour Vineyards,975 Vintage Ave Ste. D,St. Helena,www.barbourvineyards.com,963-0540
72,Bardessono Vineyards,1901 Finnell Road,Yountville,www.bardessonovineyards.com,815-2502
73,Barlow Vineyards,4411 Silverado Trail ,Calistoga,www.barlowvineyards.com,942-8742
74,Barnett Vineyards,4070 Spring Mountain Road ,St. Helena,www.barnettvineyards.com,963-7075
76,Bartalotti Wine Company,P.O. Box 6992,Napa,www.bartalotti.com,927-4122
77,Baxter,P.O. Box 4261,St. Helena,www.baxterwinery.com,963-0121
78,Beau Vigne,P.O. Box 6412,Napa,www.beauvigne.com,265-7781
79,Beaucanon Estate,1006 Monticello Road,Napa,www.beaucanonestate.com,254-1460
80,Beaulieu Vineyard (BV),1960 St. Helena Highway ,Rutherford,www.bvwines.com,967-5230
81,Bell Wine Cellars,6200 Washington Street,Yountville,www.bellwine.com,944-1673 
82,Bella Vetta Vineyards,896 Ponderosa Drive,Angwin,www.bellavetta.com,965-0801
83,Bello Family Vineyards,8424 St. Helena Highway,Rutherford,www.bellofamilyvineyards.com,967-8833
84,Belo Wine Co,P.O. Box 175,St. Helena,www.belowine.com,967-9661
85,Benessere Vineyards,1010 Big Tree Road,St. Helena,www.benesserevineyards.com,963-5853
86,Bennett Lane Winery,3340 Highway 128 ,Calistoga,www.bennettlane.com,942-6684
87,Beringer,2000 Main St ,St. Helena,www.beringer.com,967-4412
88,Bettinelli Vineyards,1241 Adams St #1029,St. Helena,www.bettinelli.com,480-1935
89,Bevan Cellars,3900 Matanzas Creek Ln,Santa Rosa,www.bevancellars.com,332-2918
91,Bialla Vineyards,4088 Atlas Peak Road,Napa,www.biallavineyards.com,415 606-6629
92,Bighorn Cellars,3105 Silverado Trail,Napa,www.bighorncellars.com,226-8569
93,Black Cat Vineyard,1075 Shadybrook Lane,Napa,www.blackcatvineyard.com,321-0866
94,Black Cordon Vineyard,4155 Dry Creek Road,Napa,www.blackcordonvineyard.com,226-6860
95,Black Coyote Chateau,2400 Third Street,Napa,www.blackcoyotewines.com,252-2292
96,Black Sears Winery,2615 Summit Lake Drive,Angwin,www.blacksears.com,963-1334
97,Black Stallion,4089 Silverado Trail,Napa,www.blackstallionwinery.com,253-1400
98,Blackbird Vineyards,5033 Big Ranch Road,Napa,www.blackbirdvineyards.com,252-4444
99,Blankiet Estate,P.O. Box 2100,Yountville,www.blankiet.com,963-2001
100,Blue Hall Vineyard,White Cottage Lane,Angwin,www.bluehallvineyard.com,888 700-4114
101,Boeschen Vineyards,3242 Silverado Trail,St. Helena,www.boeschenvineyards.com,963-3674
102,Bolen Vineyards,3277 Dry Creek Road,Napa,www.bolenlegacy.com,812-4908
104,Bond Estates,P.O. Box 4261,Oakville,www.bondestates.com,944-9445
105,Boodeaux Vineyards,1965 Capell Valley Road,Napa,http://boodeaux.blogspot.com/,258-8687
106,Bouchaine Vineyards,1075 Buchli Station Road ,Napa,www.bouchaine.com,252-9065
107,Bounty Hunter,975 First Street,Napa,www.bountyhunterwine.com,252-5454
108,Bourassa Winery,190 Camino Oruga Ste. 5,Napa,www.bourassavineyards.com,800 499-2366
109,Boyanci Wines,135 Camino Dorado Suite 12,Napa,www.boyanciwine.com,255-7800
110,Boyd Family Vineyards,4042 Big Ranch Road,Napa,www.boydwine.com,254-7353
112,Bravante Vineyards,330 Stone Ridge Road,Angwin,www.bravantevineyards.com,972-1114
113,Breckenridge Wine Co,P.O. Box 123,St. Helena,www.breckenridgewines.com,963-7761
114,Bremer Family,975 Deer Park Road ,St. Helena,www.bremerfamilywinery.com,963-5411
115,Bressler Vineyards,1891 Vallejo Street,St. Helena,www.bresslervineyards.com,963-2903
116,Brick Angel,238 Manzanita Lane,Napa,http://brickangel.googlepages.com,966-2822
117,Bridesmade Wines,P.O. Box 812,Rutherford,www.bridesmaidwines.com,963-2705
118,Broman Cellars,945 Deer Park Road,St. Helena,www.bromancellars.com,800 514-4401
119,Brookdale Vineyards,4006 Silverado Trail,Napa,www.brookdalewine.com,258-1454
120,Brookman Cellars,P.O. Box 1021,St. Helena,www.brookmancellars.com,266-8525
121,Brown Estate,3233 Sage Canyon Road,St. Helena,www.brownestate.com,963-2435
122,Bryant Family,1567 Sage Canyon Road,St. Helena,www.bryantwines.com,963-0483
123,Buccella,P.O. Box 3838,Oakville,www.buccellawines.com,944-1000
124,Buehler Vineyards,820 Greenfield Road ,St. Helena,www.buehlervineyards.com,963-2155 
125,Buoncristiani Family,P.O. Box 6946,Napa,www.buonwine.com,259-1681
126,Burgess Cellars,1108 Deer Park Road ,St. Helena,www.burgesscellars.com,963-4766
127,Burly Cellars,4446 Stillson St,Napa,www.burlywine.com,299-7085
128,Ca' Momi Wines,2515 Napa Valley Corp. Dr,Napa,www.camomiwines.com,252-6664
129,C Beck Wine,1136 Edwards Street,St. Helena,www.cbeckwines.com,967-9776
130,Cade Mountain Winery,360 Howell Mountain Road,Angwin,www.cadewinery.com ,945-1220
131,Cafaro Cellars,Winery Address N/A,St. Helena,www.cafaro.com,963-7181
132,Cain,3800 Langtry Road ,St. Helena,www.cainfive.com,963-1616
133,Cakebread,8300 St. Helena Highway ,Rutherford,www.cakebread.com,963-5222
134,Calafia Cellars,629 Fulton Lane,St. Helena,www.calafiacellars.com,963-0114
135,Caldwell Cave Winery,270 Kruezer Lane,Napa,www.caldwellvineyard.com,255-1294
136,Cali 351,Silverado Trail,Calistoga,www.cali351.com,631-5161
137,Calistoga Cellars,Main Street,St. Helena,www.calistogacellars.com,942-7422
139,Canard Vineyard,1016 Dunaweal Lane,Calistoga,www.canardvineyard.com,942-1149
140,Cardinale Estate,7600 St. Helena Highway ,Oakville,www.cardinale.com ,948-2643 
141,Carneros Della Notte,720 Airpark Road,Napa,www.carnerosdellanotte.com,495-2464
142,Carrefour Vineyards,1180 Monticello Road,Napa,www.carrefourvineyards.com,252-9167
143,Carter Cellars,1170 Tubbs Lane,Calistoga,www.cartercellars.com,445-0311
144,Cartlidge and Browne,205 Jim Oswald Way #B,A. Canyon,www.cartlidgebrowne.com,800 799-8055
145,Carver Sutro,3106 Palisades Ave,Calistoga,www.carversutro.com,942-1029
146,Casa Carneros,1159 Bayview Ave,Napa,www.casacarneros.com,257-8713
147,Casa Nuestra,3451 Silverado Trail ,St. Helena,www.casanuestra.com,963-5472 
149,Castello di Amorosa,4045 North St Helena Hwy ,Calistoga,www.castellodiamorosa.com,942-8200
151,Cavus Vineyards,100 Swan Way Ste. 206,Oakland,www.cavusvineyards.com,510 430-9701
152,Caymus Vineyards,8700 Conn Creek Road,Rutherford,www.caymus.com,967-3010
153,Cederquist Wine Co,1812 Michael Way,Calistoga,www.cederquistwineco.com,293-4014
154,Ceja Estate,1016 Las Amigas Road ,Napa,www.cejavineyards.com,255-3954
155,Celani Family Vineyards,2230 Big Ranch Road,Napa,www.cfvineyards.com,877 273-6731
156,Chameleon Cellars,1330 Sylvaner Ave,St. Helena,www.chameleoncellars.com,256-0144
157,Chanticleer,4 Vineyard View Drive,Yountville,www.chanticleerwine.com,945-0566
158,Chappellet,1581 Sage Canyon Road,St. Helena,www.chappellet.com,963-7136
159,Charity Case Foundation,3750 Silverado Trail,Napa,www.charitycase.org,738-5155
160,Charles Krug,2800 Main Street,St. Helena,www.charleskrug.com,967-2200
161,Charnu Winery,P.O. Box 852,St. Helena,www.charnuwinery.com,963-6045
162,Charter Oak Winery,1636 Scott Street,St. Helena,www.charteroakwine.com,963-2298
163,Chase Family Cellars,2252 Sulphur Springs,St. Helena,www.chasecellars.com,963-1284
164,Chateau Boswell,3468 Silverado Trail,St. Helena,www.chateauboswellwinery.com,963-5472 
165,Chateau de Vie,3250 Highway 128,Calistoga,www.cdvnapavalley.com/boutique.htm,877 558-2513
166,Chateau Montelena,1429 Tubbs Lane ,Calistoga,www.montelena.com,942-5105
167,Chateau Potelle,975 Washington Street,Napa,www.chateaupotelle.com ,255-9440
168,Checkerboard Vineyards,4325 Azalea Springs Way,Calistoga,www.checkerboardvineyards.com,942-8512
169,Chercher Trouver Wines,223 Old Vine Way,Napa,www.trouverwines.com,226-1908
170,Chiarello Family,1241 Adams Street #145,St. Helena,www.chiarellovineyards.com,256-0750
171,Chimney Rock,5350 Silverado Trail ,Napa,www.chimneyrock.com,257-2641x3206
172,Chinnock Cellars,4336 Summerfield Drive,Napa,www.chinnockcellars.com,259-1628
173,Cimarossa,P.O. Box 573,Angwin,www.cimarossa.com,510 665-4608
174,Clark-Claudon,P.O. Box 15,St. Helena,www.clarkclaudon.com,965-9393
175,Cleavage Creek,6307 Pope Valley Road,Pope Valley,www.cleavagecreek.com,888 295-1280
176,Clif Bar Family Winery,1030 Main Street Suite 300,St. Helena,www.cliffamilywinery.com,968-0625
177,Cliff Lede,1473 Yountville Cross Road ,Yountville,www.cliffledevineyards.com,944-8642 
178,Clos Du Val,5330 Silverado Trail  ,Napa,www.closduval.com,261-5200
179,Clos Pegase,1060 Dunaweal Lane ,Calistoga,www.clospegase.com,942-4981x213
180,Clos Valmi,7148 Silverado Trail,Napa,None,944-8042
181,Cobblestone Wines,150 Cotner Ave,LA,www.cobblestonewine.com,259-1110
182,Cockerell Wines,P.O. Box 493,Calistoga,www.cockerellwines.com,942-4534
183,COHO,P.O. Box 5726,Napa,www.cohowines.com,258-2566
184,Colgin Cellars,P.O. Box 254,St. Helena,www.colgincellars.com,963-0999
185,Coniglio Wines,543 Mund Road,St. Helena,www.conigliowines.com,888 726-6796
186,Conn Creek/Villa Mt. Eden,8711 Silverado Trail ,St. Helena,www.conncreek.com,963-9100
187,Constant Diamond Mountain,2121 Diamond Mountain Rd,Calistoga,www.constantwine.com,942-0707
189,Continuum,P.O. Box 112,Oakville,www.continuumwine.com,944-8100
190,Cook Family Winery,264 Crystal Springs Road,St. Helena,www.cookwinery.com,963-7760
191,Corison,987 St. Helena Highway,St. Helena,www.corison.com,963-0826
192,Cornerstone Cellars,P.O. Box 10767,Napa,www.cornerstonecellars.com,877 686 3286 
193,Corra,1241 Adams St. #1024,St. Helena,www.corrawines.com,963-4523
194,Corte Riva,3065 Muledeer Lane,Santa Rosa,www.corteriva.com,573-1801
196,Cosentino,7415 St. Helena Highway ,Yountville,www.cosentinowinery.com,944-1220 
197,Cosmos Cellars,P.O. Box 61,Laguna Bch,www.cosmoscellars.com,949 494-9463
198,Coupe de Foudre,135 Camino Dorado,Napa,www.coupdefoudrewine.com,235-8300
199,Courtesan Wines,P.O. Box 30,Rutherford,www.courtesanwines.com,415 713-5331
200,Covenant Wines,930 N. Crane Ave,St. Helena,www.covenantwines.com,963-3887
201,Crane Brothers,1460 Pine Street,Napa,www.cranebrotherssyrah.com,257-7217
202,Crane Family,1051 Borrett Lane,Napa,www.cranefamilyvineyards.com,259-0175
203,Crazy Flower Wines,1067 Sunset Rd,Napa,www.crazyflowerwines.com,252-6103
204,Crocker & Starr,P.O. Box 987,St. Helena,www.crockerstarr.com,967-9111
205,Crosby Roamann,1832 Soscal Ave Suite 115,Napa,www.crosbyroamann.com,266-6291
206,Croze (Smith Wooton Label),P.O. Box 2679,Yountville,www.croze-cab.com,944-9247
207,Culler Wines,P.O. Box 3017,Yountville,www.cullerwines.com,257-0567
208,Cuvaison Napa,1221 Duhig Road ,Napa,www.cuvaison.com,255-7321
209,Cuvaison St. Helena,4550 Silverado Trail N,St. Helena,www.cuvaison.com,942-2468
210,Cyrus Creek,P.O. Box 576,Calistoga,www.cyruscreek.com,415 282-8385
211,D'Anneo Vineyard,1085 Dunaweal Lane,Calistoga,www.danneovineyard.com,916 534-9684
212,D Cubed,P.O. Box 771,Angwin,www.dcubedcellars.com,963-5212
213,D.R. Stephens Estate,1860 Howell Mountain Rd,St. Helena,www.drstephenswines.com,963-2908
214,Dalla Valle,7776 Silverado Trail,Napa,www.dallavallevineyards.com,944-2676
215,Dana Estates,P.O. Box 153,Rutherford,www.danaestates.com,963-4365
216,Dancing Hares Vineyard,P.O. Box 853,St. Helena,www.dancinghares.com,967-8296
218,Darioush,4240 Silverado Trail ,Napa,www.darioush.com,257-2345
219,Darms Lane Wine,1150 Darms Lane,Napa,www.darmslanewine.com,224-4218
220,Daviana Winery,2456 Third Ave,Napa,www.davianawinery.com,251-0173
221,David Arthur Vineyards,1521 Sage Canyon Road,St. Helena,www.davidarthur.com,963-5190
222,David Fulton Winery,825 Fulton Lane,St. Helena,www.davidfultonwinery.com,967-0719
225,Deguello Wine,500 Dallas St. Suite 500,Dallas TX,www.deguellowine.com,713 298-2878
226,Del Bondio Family Winery,1333 Bella Oaks Lane,Napa,www.delbondio.com,963-2805
227,Del Dotto Estate,1445 Highway 29,St. Helena,www.deldottovineyards.com,963-2134
228,Del Dotto Vineyards,11055 Atlas Peak Road,Napa,www.deldottovineyards.com,963-2134
229,Delectus Winery,908 Enterprise Way #C,Napa,www.delectuswinery.com,255-1252
230,Delgadillo Cellars,995 Vintage Ave #103,St. Helena,www.dcellars.com,963-1729
232,DeSante Wines,P.O. Box 1027,St. Helena,www.desantewines.com,968-9264
233,Destino Wines,1325 Imola Ave West,Napa,www.destinowines.com,800 8621737
234,Detert Family Vineyards,1746 Vineyard Ave,St. Helena,www.detert.com,877 817-0466
235,Diamond Creek Vineyards,1500 Diamond Mountain Rd,Calistoga,www.diamondcreekvineyards.com,942-6926
237,Diamond Terrace,1391 Diamond Mtn. Road,Calistoga,www.diamondterrace.com,942-1189
238,Dillon Vineyards,6206 Washington Street,Yountville,www.dillonvineyards.com,944-1588
239,Diogenes Wine Co,P.O. Box 6348,Napa,www.diogeneswines.com,877 360-9463
240,Dolce,P.O. Box 327,Oakville,www.dolcewine.com,944-8868
241,Domain Chandon,1 California Drive,Yountville,www.chandon.com,944-2280
242,Domain Charbay,4001 Spring Mountain Road,St. Helena,www.charbay.com,963-9327
243,Domain Georg Rafael,2222 Third Ave,Napa,www.georgrafaelvineyards.com,254-9489
244,Domaine Carneros,1240 Duhig Rd,Napa,www.domaine.com,800 716-2788
245,Dominari,Trancas Ave,Napa,www.dominari.com,226-1600
246,Dominus Estate,2570 Napanook Road,Yountville,www.dominusestate.com,944-8954
248,Downing Family Vineyards,Address N/A,Napa,www.dfwines.com,237-3444
249,Drinkward Peschon,1547 Main Street,St. Helena,www.drinkwardpeschon.com,963-6156
250,Duckhorn,1000 Lodi Lane,Calistoga,www.duckhornvineyards.com,963-7108
252,Dunn Vineyards,805 White Cottage Road,Angwin,www.dunnvineyards.com,965-3642
253,Dusinberre Cellars,1091 Larkmead Lane ,St. Helena,www.winecal.com,326-3220
254,Dutch Henry Winery,4310 Silverado Trail,Calistoga,www.dutchhenry.com,942-5771
255,Dyer Wine,1501 Diamond Mountain Rd,Calistoga,www.dyerwine.com,942-5502
256,Eagle and Rose Estate,1844 Pope Canyon Road,Pope Valley,www.eagleandrose.com,965-9463
257,Eagle Eye,6595 Gordon Valley Road,Napa,www.eagleeyewine.com,427-1600
258,Eagle's Trace,680 Rossi Road,St. Helena,www.eaglestrace.com,963-4412
259,Edge,P.O. Box 4234,Napa,www.edgewines.com,258-9766
260,Edge Hill,P.O. Box 105,Oakville,www.edgehill.com,944-8577x112
261,Eeden Wines,24 Coronado Ave,Los Altos,www.eedenwines.com,650 949-1752
262,Egelhoff Wines,1397 Sylvaner Ave,St. Helena,www.bobegelhoff.com,963-4015
263,Ehlers Estate,3222 Ehlers Lane ,St. Helena,www.ehlersestate.com,963-5972
264,El Molino Winery,3781 Silverado Trail,St. Helena,www.elmolinowinery.com,963-3632
265,Elan Vineyards,4500 Atlas Peak Road,Napa,www.elanvineyards.com,252-3339
266,Elizabeth Spencer,1165 Rutherford Road ,Rutherford,www.elizabethspencerwines.com,963-6067
267,Elkhorn Peak Cellars,200 Polson Road,Napa,www.elkhornpeakcellars.com,255-0504
268,Ellicock Family Winery,P.O. Box 931,Yountville,www.anterrawine.com,257-2930
269,Ellman Family Vineyards,3212 Jefferson St. #238,Napa,www.ellmanfamilyvineyards.com,260-7654
270,Elyse,2100 Hoffman Lane,Napa,www.elysewinery.com,944-2900 
271,Emerson Brown Wines,4281 Dale Drive,Napa,www.emersonbrownwines.com ,257-1686
272,EMH Vineyards,25 Rosedale Road,Calistoga,www.emhvineyards.com,942-1393
273,Emmolo Wine Co.,P.O. Box 741,Rutherford,www.emmolowines.com,963-6075
274,Encanto Vineyards,Vintage Lane,St. Helena,www.encantovineyards.com,967-9934
275,Envy Wines,1170 Tubbs Lane,Calistoga,www.envywines.com,942-4670
276,Eponymous,P.O. Box 438,Oakville,www.eponymouswines.com,257-7393
277,Erba Mountainside,P.O. Box 3349,Napa,www.erbamountainsidevineyards.com,320-8722
278,Erna Schein,4078 Spring Mountain Rd.,St. Helena,www.ernaschein.com,942-4433
279,Esca,1613 Main Street,Napa,www.escawines.com,251-9029
280,Etude,1250 Cuttings Wharf Road,Napa,www.etudewines.com,257-5300
281,Failla,3530 Silverado Trail,St. Helena,www.faillawines.com ,963-0530
282,Fairchild Family Vineyards,P.O. Box 807,St. Helena,www.fairchildwines.com,866 725-7503
283,Falcor Wine Cellars,1606 Main Street #206,Napa,www.falcorwines.com,255-6070
284,Fantesca Estate,2920 Spring Mountain Road,St. Helena,www.fantesca.com,968-9229
285,Far Niente ,1350 Acacia Drive ,Oakville,www.farniente.com,944-2861
286,Farella Vineyard,2222 North Third Avenue ,Napa,www.farella.com,254-9489
287,Faustini Wines,270 Kruezer Lane,Napa,www.faustiniwines.com,736-6050
288,Favia Wine,5074 Old Sonoma Road,Napa,www.faviawine.com,812-2546
291,Fir Hill Ranch,1853 Fir Hill Drive,St. Helena,http://firhillranch.wordpress.com,287-8605
293,Five Vintners,1985 Vineyard Ave,St. Helena,www.fivevintners.com,688-9219
294,Fleury Estate,950 Galleron Lane ,Rutherford,www.fleurywinery.com,974-9951
295,Flora Springs Estate,1978 West Zinfandel Lane,St. Helena,www.florasprings.com,967-6723
296,"Flora Springs, The Room",677 S. St. Helena Hwy,St. Helena,www.florasprings.com,967-8032
297,Flying Horse Winery,1600 Aetna Springs Road,Pope Valley,www.flyinghorsewines.com,965-1600
298,Folie A Deux,7481 St. Helena Highway ,Oakville,www.folieadeux.com,944-2565
299,Folio Wines,1285 Dealy Lane,Napa,www.foliowine.com,253-2757
300,Fontanella Family Winery,1721 Partrick Road,Napa,www.fontanellawinery.com,252-1017
301,Forlorn Hope Wines,2787 Indiana Street,Napa,www.forlornhopewines.com,256-9980
302,Forman Vineyards,1501 Big Rock Road,St. Helena,www.formanvineyard.net,963-3900
303,Fortunati Vineyards,986 Salvador Ave,Napa,www.fortunativineyards.com,255-9300
304,Four Cairn,P.O. Box 241,Rutherford,www.fourcairn.com,927-0769
305,Fotinos Brothers Winery,2762 Pine Street,Napa,www.fotinosbrotherswinery.com,224-4464
306,Franciscan Oakville Estate,1178 Galleron Road ,St. Helena,www.franciscan.com,967-3993 
307,Frank Family Vineyards,1091 Larkmead Lane ,Calistoga,www.frankfamilyvineyards.com,800 574-9463 
308,Franus Wine Company,2055 Hoffman Lane,Yountville,www.peterfranus.com,945-0542
309,Franz Hill Vineyard,P.O. Box 168,St. Helena,www.franzhillvineyard.com,963-0230
310,Frazier Winery,70 Rapp Lane,Napa,www.frazierwinery.com,255-3444
311,Freemark Abbey,3022 St Helena Highway N,St. Helena,www.freemarkabbey.com,963-9698 X241
312,Frias Family Vineyard,3125 North St. Helena Hwy,St. Helena,www.friasfamilyvineyard.com,415 566-2419
313,Frog's Leap Winery,8815 Conn Creek Road,Rutherford,www.frogsleap.com,963-4704
315,Fuse Wine,P.O. Box 2041,Napa,www.fusewine.com,265-6492
316,Futo Family Estate,P.O. Box 410,Oakville,www.futofamily.com,944-9333
317,G Wine Cellars,44 N. Blue Oak Lane,Napa,www.gwinecellars.com,363-0680
318,Gabrielle Collection,4104 Dry Creek Road,Napa,www.gwines.net,257-2600
319,Galleron Signature Wines,P.O. Box 2,Rutherford,www.galleronwine.com,265-6552
320,Gallica Wine,P.O. Box 808,St. Helena,www.gallicawine.com,963-1096
321,Gamble Family Vineyards,P.O. Box 128,Oakville,www.gamblefamilyvineyards.com,9444-2999
322,Gandona Estate,1535 Sage Canyon Road,St. Helena,www.gandona.com,967-5550
323,Gargiulo Vineyards,575 Oakville Crossroad,Napa,www.gargiulovineyards.com,944-2770 
325,Gauthier Cellars,1339 Pearl St #201,Napa,www.gauthiercellars.com,287-5897
326,Gemella Wines,P.O. Box 463,Napa,www.gemellawines.com,261-9855
327,Gemstone Vineyard,7153 Silverado Trail,Napa,www.gemstonewine.com,944-0944
328,Ghost Horse World,680 Rossi Road,St. Helena,www.ghosthorseworld.com,322-8025
329,Givich Vineyards,6015 Steele Canyon Road,Sunnyvale,www.givichvineyards.com,650 697-4427
330,Girard Winery,6795 Washington Street,Yountville,www.girardwinery.com,968-9297
332,Godspeed Vineyards,3655 Mount Veeder Rd,Napa,godspeedvineyards.webs.com,254-7766
333,Goosecross Cellars,1119 State Lane,Yountville,www.goosecross.com,944-1986
334,Grace Family Vineyards,1210 Rockland Drive,St. Helena,www.gracefamilyvineyards.com,963-0808
335,Grade Cellars,P.O. Box 22,Calistoga,www.thegradevineyard.com,967-8200
336,Grassi Wine Company,1213 Coombs Street,Napa,www.grassiwines.com,224-7142
337,Grasso Vineyard,1050 Olive Hill Lane,Napa,www.grassovineyard.com,252-1999
338,Green & Red Vineyard,3208 Chiles-Pope Valley,Napa,www.greenandred.com,965-2346
339,Greyscale Wines,P.O. Box 213,Orinda,www.greyscalewines.com,925 255-5187
340,Grgich Hills,1829 St. Helena Highway ,Rutherford,www.grgich.com ,963-2784
341,Gridley Family Cellars,P.O. Box 2383,St. Helena,www.gridleyfamilycellars.com,965-9900
342,Groppallo,6101 Vallejo Street,Emeryville,www.groppallo.com,510 655-3355
343,Groth,750 Oakville Cross Road,Oakville,www.grothwines.com,944-0290
344,Guffy Family Wines,1390 Thompson Ave,Napa,www.guffyfamilywines.com,258-2532
345,Guilliams,3851 Spring Mountain Rd,St. Helena,www.guilliamswinery.com,963-9059
346,Gustavo Thrace,1146 First St,Napa,www.gustavothrace.com,257-6796
347,Haber Family Winery,167 Parrot Road,New York,www.haberfamilyvineyards.com,845 638-3188
348,Habitat Wines,P.O. Box 434,Oakville,www.habitatwines.com,866 422-4818
349,Hagafen Cellars,4160 Silverado Trail ,Napa,www.hagafen.com,252-0781 
350,Hall Winery St. Helena,401 St. Helena Highway S,St. Helena,www.hallwines.com,967-2620
351,"Hall Winery, Rutherford",56 Auberge Road,Rutherford,www.hallwines.com,967-0700
352,Harlan Estate,1567 Oakville Grade,Oakville,www.harlanestate.com,944-1441
353,Harris Estate,225 Franz Valley School Rd,Calistoga,www.harrisestatevineyards.com,942-1513
354,Hartwell Vineyards,5795 Silverado Trail,Napa,www.hartwellvineyards.com,255-4269
355,Hayfork Wine Co,1795 Lewelling Lane,St. Helena,www.hayforkwine.com,227-4438
356,HdV Vineyards,588 Trancas Street,Napa,www.hdvwines.com,251-9978
357,Heibel Ranch Vineyards,1241 Adams St. #1043,St. Helena,www.hrvwines.com,968-9289
358,Heitz Cellars,436 St. Helena Highway S,St. Helena,www.heitzcellar.com,963-3542
359,Helena View Johnston,3500 Highway 128,Calistoga,www.helenaview.com,942-4956
360,Hendry,3104 Redwood Road,Napa,www.hendrywines.com,226-8320
361,Herb Lamb Vineyard,P.O. Box 225,St. Helena,www.herblambvineyard.com,967-9752
362,Hesperian Wines,Atlas Peak Road,Napa,www.hesperianwines.com,927-3787
363,Hess Collection,4411 Redwood Road,Napa,www.hesscollection.com ,255-1144
364,Hestan Vineyards,One Meyer Plaza,Vallejo,www.hestan.com,551-2882
365,Hidden Ridge,4225 Solano Ave,Napa,www.hiddenridgevineyard.com,707 481-7021
366,Highlands Winery,P.O. Box 3239,Napa,www.highlandswinery.com,603-2096
367,Hill Family Estate,6512 Washington Street,Yountville,www.hillfamilyestate.com ,944-9580
368,Hollywood & Vine Cellars,P.O. Box 63,Rutherford,www.hollywoodandvineinc.com,967-9128
369,Honig Winery,850 Rutherford Road ,Rutherford,www.honigwine.com,963-5618 x318
370,Hoopes Family,1380 Yount Mill Road,Napa,www.hoopesvineyard.com,944-1869
371,Hope & Grace,6540 Washington Street,Yountville,www.hendrickswines.com,944-2500
372,Hopper Creek Winery,6204 Washington Street,Yountville,www.hoppercreek.com,944-0675
373,Hourglass,"1104 Adams St., Ste 103",St. Helena,www.hourglasswines.com,968-9332
375,Howell At The Moon,1221 Jones Street,SF,www.howellatthemoonwine.com,415 310-8628
376,Howell Mountain Vineyards,P.O. Box 693,Rutherford,www.howellmountain.com,967-9676
377,Hudson Vineyards,5398 Carneros Highway,Napa,www.hudsonvineyards.com,255-1455
378,Hugo Family Cellars,24 Geraldine Court,Napa,www.hugofamilycellars.com,927-3319
379,Humanitas Wine Co,1081 Round Hill Circle,Napa,www.humanitaswines.com,259-0349
380,Hundred Acre,P.O. Box 380,Rutherford,www.hundredacre.com,967-9398
381,Hunnicutt Wines,2611 Colombard Court,St. Helena,www.hunnicuttwines.com,963-2908
382,Hunter III Wines,3340 Highway 128 ,Calistoga,www.hunteriiiwines.com,968-0987
383,Husic Vineyards,189 Ridge Road,Napa,www.husicvineyards.com,812-4909
384,Ideology Cellars,5225 Solano Avenue,Napa,www.ideologycellars.com,299-3930
385,Igneous Wines,P.O. Box 10098,Napa,www.igneouswines.com,253-2001
386,Inglenook,1991 St. Helena Highway,St. Helena,www.inglenook.com,968-1100
387,Ilsley,6275 Silverado Trail ,Napa,www.ilsleyvineyards.com,944-1621
388,Inherit the Sheep,1189 Fourth Ave,Napa,www.inheritthesheep.com/,732-3037
389,J Gregory Cellars,P.O. Box 2747,Yountville,www.jgregorycellars.com,738-7050
390,J. Moss Wines,P.O. Box 5783,Napa,www.jmosswines.com,647-3388
391,Jack Brooks,P.O. Box 738,Calistoga,www.jbvineyard.com,942-1237
392,Jaffe Estate,1240 Spring Street,St. Helena,www.jaffeestate.com,967-9146
393,Jake-Ryan Cellars,P.O. Box 541,Napa,www.jrcellars.com,363-8760
394,James Cole,5014 Silverado Trail,Napa,www.jamescolewinery.com,251-9905 
395,James Creek,2249 James Creek Road,Pope Valley,www.jamescreekvineyards.com,965-2646
396,Jana Wines,830 Fulton Lane,St. Helena,www.scottharveywines.com,968-9575
397,Jaqk Cellars,353 Broadway Street,SF,www.jaqkcellars.com,415 398-1630
398,Jarratt Wines,1925 Shoreham Drive,Charlotte,www.jarrattwines.com,704 490-7716
399,Jarvis,2970 Monticello Rd,Napa,www.jarviswines.com,800 255-5280
400,Jax Vineyards,3468 Highway 128,Calistoga,www.jaxvineyards.com/,415 341-5225
401,Jean Edwards,P.O. Box 667,Montville,www.jeanedwardscellars.com,973 402-8524
402,Jelly Jar Wines,P.O. Box 465,Rutherford,www.jellyjarwine.com,738-3050
403,Jericho Canyon Vineyard,3292 Old Lawley Toll Road,Calistoga,www.jerichocanyonvineyard.com,942-9665
404,Jessup Cellars,6740 Washington Street,Yountville,www.jessupcellars.com,944-8523
405,Jocelyn Lonen Winery,5055 Solano Avenue St. G,Napa,www.jocelynwines.com,257-2821
406,Joel Gott Wines,945 Main Street,St. Helena,www.gottwines.com,963-3365
407,John Anthony,3230 Old Sonoma Road,Napa,www.javwine.com,265-7711
409,Jones Family Vineyards,P.O. Box 352,Calistoga,www.joneswine.com,942-0467
410,Joseph Anthony,1287 Steele Canyon Rd,Napa,www.josephanthonywines.com,966-9808
411,Joseph Cellars,4455 St. Helena Hwy,Calistoga,www.josephcellars.com,942-999
412,Joseph George,1559 Meridian Ave,San Jose,www.josephgeorge.com,408 448-9463
413,Joseph Kent Wines,1052 Caymus Street,Napa,www.josephkentwines.com,478-8363
414,Joseph Phelps,200 Taplin Road,St. Helena,www.jpvwines.com,963-2745
415,JP Harbison,7601 Silverado Trail,Napa,http://jpharbison.blogspot.com/,916 422-1972
417,JR Wines,197 Whistlestop,"Pittsford, NY",www.jrwines.com,204-8271
418,Judd's Hill,2332 Silverado Trail,Napa,www.juddshill.com,255-2332
419,Jules Melange,P.O. Box 10636,Napa,www.julesmelange.com,257-3950
421,Juslyn Vineyards,2900 Spring Mountain Rd,St. Helena,www.juslynvineyards.com,265-1804
422,Kapcsandy Family Winery,1001 State Lane,Yountville,www.kapcsandywines.com,948-3100
423,Karl Lawrence Cellars,1250 Las Posadas Road,Angwin,www.karllawrence.com,963-2943
424,Kate's Vineyard,5211 Big Ranch Road,Napa,www.katesvineyard.com,255-2644
425,Keever,P.O. Box 2906,Yountville,www.keevervineyards.com,944-0910
426,Kelham Vineyards,360 Zinfandel Lane,St. Helena,www.kelhamvineyards.com,963-2000
427,Kelleher Family Vineyards,P.O. Box 3543,Yountville,www.kelleherfamilyvineyards.com,866 531-2580
428,Kelly Fleming Wine,P.O. Box 1207,Calistoga,www.kellyflemingwines.com,942-6849
430,Kenefick Ranch,2200 Picket Road,Calistoga,www.kenefickranch.com,942-6175
431,Kent Rasmussen Winery,1001 Silverado Trail,St. Helena,www.kentrasmussenwinery.com,963-5667
432,Kenzo Estate,8999 Wildhorse Valley Road,Napa,www.kenzoestate.com,259-5408
433,Kind Cellars,P.O. Box 84,Angwin,www.kindcellars.com,812-2994
434,Kiss Ridge Vineyard,P.O. Box 3766,Calistoga,www.kissridge.com,857-3455
435,Kitchak Cellars,1094 Hardman Ave,Napa,www.kitchakcellars.com,225-2276
437,Kobalt Wines,P.O. Box 2624,Yountville,www.kobaltwines.com,258-1416
438,Kongsgaard,4050 Spring Mountain Road,St. Helena,www.kongsgaardwine.com,963-1391
439,Kristian Ashe,7688 St. Helena Highway,Oakville,www.kristineashevineyards.com,982-8000
440,Kristian Story Wines,100 Pratt Ave,St. Helena,www.kristianstory.com,637-5798
441,Krupp Brothers Estate,3267 Soda Canyon Road,Napa,www.kruppbrothersestates.com,226-2215
442,Kuleto Estate,2470 Sage Canyon Road,St. Helena,www.kuletoestate.com,963-9750
443,La Jota Vineyard Co,1102 Las Posadas Road,Angwin,www.lajotavineyardco.com,877 222-0292
444,La Sirena,P.O. Box 441,Calistoga,www.lasirenawine.com,942-1105
445,Ladera Vineyards,50 White Cottage Road S,Angwin,www.laderavineyards.com,965-2445
446,Lagier Meredith,4967 Dry Creek Road,Napa,www.lagiermeredith.com,253-0653
447,Lail Vineyards,P.O. Box 249,Rutherford,www.lail-vineyards.com,968-9900
448,Laird Family Estate,5055 Solano Avenue,Napa,www.lairdfamilyestate.com,257-0360x26
449,Lakeside Wine Company,3600 Wooden Valley Road,Napa,www.lakesidewinecompany.com,800 901-7829
450,Lamborn Family Vineyards,Summit Lake Drive,Angwin,www.lamborn.com,925 254-0511
451,Lampyridae Vineyards,P.O. Box 2649,Yountville,www.lampyridaevineyards.com,935-7112
452,Lang & Reed Wine Co.,P.O. Box 662,St. Helena,www.langandreed.com,963-7547
453,Larkin Wines,P.O. Box 3178,Yountville,www.larkinwines.com,944-9105
454,Larkmead Vineyards,1100 Larkmead Lane,Calistoga,www.larkmead.com,942-0167
455,Las Bonitas,1245 Main St,Napa,www.vintnerscollective.com,255-7150
456,LaTour Vineyards,7111 Dry Creek Road,Napa,www.latourvineyards.com,415 381-3935
457,Lava Vine Vineyards,965 Silverado Trail,Calistoga,www.lavavine.com,942-9500
458,Leo Joseph Estate Cellars,1475 Sulpher Springs Road,St. Helena,www.leojosephwines.com,963-0521
459,Levendi Estates,4225 Solano Ave Ste. 633,Napa,www.levendiestates.com,877 538-3634
460,Levy & McClellan,P.O. Box 524,St. Helena,www.levymcclellan.com,963-1282
461,Lewelling Vineyards,1951 Olive Ave,St. Helena,www.lewellingvineyards.com,963-1685
462,Lewis Cellars,4101 Big Ranch Road,Napa,www.lewiscellars.com,255-3400
463,Lieffe Wines,P.O. Box 587,Rutherford,www.lieffwines.com,415 407-0077
464,Lindstrom Wines,P.O. Box 3506,Yountville,www.lindstromwines.com,226-6289
465,Lions Run,P.O. Box 5750,Napa,www.lionsrun.com,287-0273
466,Liparita Cellars,410 Lafata Street #203,St. Helena,www.liparita.com,944-1869
467,Little Lion Company,P.O. Box 321,St. Helena,www.littlelionwinecompany.com,968-5172
469,Lobo Wines,2855 Atlas Peak Road,Napa,www.lobowines.com,224-8322
470,Lokoya,7600 Saint Helena Hwy,Oakville,www.lokoya.com,944-2807
471,Long Meadow Ranch,1775 Whitehall Lane,St. Helena,www.longmeadowranch.com,963-4555
472,Long Vineyards,P.O. Box 50,St. Helena,www.longvineyards.com,963-2496
473,Longfellow Wines,910 Enterprise Way #M,Napa,www.longfellowwines.com,888 533-5569
474,Loomis Family Vineyards,65 Longhorn Ridge Road,Napa,www.loomisvineyards.com,415 882-9494
475,Loubet Vineyards,"1111 Broadway, #2000",Oakland,www.loubetvineyards.com,510 986-6750
476,Louis M. Martini,254 South St. Helena Hwy,St. Helena,www.louismartini.com,968-3361
478,Luna Vineyards,2921 Silverado Trail,Napa,www.lunavineyards.com,255-2474x22
479,Lunar Ridge,3087 Coombsville Road,Napa,www.lunarridgewine.com,257-2210
480,Macauley Vineyards,P.O. Box 398,Rutherford,www.macauleyvineyard.com,963-0263
481,Maclean Wines,P.O. Box 10944,Napa,www.macleanwines.com,258-0729
482,Madonna Estate,5400 Old Sonoma Road,Napa,www.madonnaestate.com,255-8864
483,Madorom Vineyards,1112 Scenic Place,Napa,www.madorom.com,265-8332
484,Madrigal Vineyards,3718 N St. Helena Highway,St. Helena,www.madrigalvineyards.com,942-6577
485,Magito Wines,1446 Industrial Ave,Sebastopol,www.magitowines.com,567-1521
486,Mahoney Vineyards,708 1st Street,Napa,www.mahoneyvineyards.com,253-9463
487,Maldonado Vineyards,3070 Lawley-Old Toll Road,Calistoga,www.maldonadovineyards.com,287-4621
488,Malk Family Vineyards,5850 Silverado Trail,Napa,www.malkfamilyvineyards.com,258-3072
490,Mansfield Winery,1291 Conn Valley Road,St. Helena,www.mansfieldwinery.com,963-1987
492,Marco Digiulio,P.O. Box 1072,Calistoga,www.marcowine.com,942-6144
493,Marketta Wine,528 Coombs Street,Napa,www.markettawine.com,226-5944
494,Mario Bazan Cellars,P.O. Box 2632,Yountville,www.mariobazancellars.com,255-0718
495,Maritas Vineyard,P.O. Box 4164,Napa,www.maritasvineyard.com,259-5313
496,Markham Vineyards,2812 St. Helena Highway N,St. Helena,www.markhamvineyards.com,963-5292
497,Maroon Wines,3565 Hagen Road,Napa,www.maroonwines.com,257-3040
498,Marshall family Wines,P.O. Box 257,Calistoga,www.marshallfamilywines.com,968-5228
499,Marston Family,3600 White Sulphur Springs Rd,St. Helena,www.marstonfamilyvineyard.com,963-8490
500,Martin Estate,P.O. Box 390,Rutherford,www.martinestate.com,967-0300
501,Mason Cellars,714 First St,Napa,www.masoncellars.com,963-5292
502,Massican,1518 Filmore Street,Calistoga,www.massican.com,709-8400
503,Match Vineyards,3060 White Sulpher Springs Rd,St. Helena,www.matchvineyards.com,968-9040
505,Matthiasson Vineyards,P.O. Box 10880,Napa,www.matthiasson.com,265-9349
506,Mayacamas Vineyards,1155 Lokoya Road,Napa,www.mayacamas.com,224-4030
507,Mayback Family Vineyards,P.O. Box 360,Vineburg,www.maybachwine.com,415 922-1099
508,Mckenzie-Mueller,2530 Las Amigas Road,Napa,www.mckenziemueller.com ,252-0186
509,Meander Cellars,P.O. Box 146,St. Helena,www.meanderwines.com,963-3773
510,Melanson Vineyard,1537 Sage Canyon Road,St. Helena,www.melansonvineyard.com,963-7404
511,Melka Wines,P.O. Box 82,Oakville,www.melkawines.com,963-6008
512,Mendelson Wines,809 Coombs Street,Napa,www.mendelsonwines.com,255-7825
513,Merryvale,1000 Main St,St. Helena,www.merryvale.com,963-7777
514,Merus Wines,P.O. Box 360,Napa,www.meruswines.com,251-5551
515,Meteor Vineyard,1510 Diamond Mtn Road,Calistoga,www.meteorvineyard.com,258-2900
516,Mi Sueno Winery,910 Enterprise Way #M,Napa,www.misuenowinery.com,258-6358
517,Michael Pozzan Winery,7830-40 St. Helena Hwy Ste. 122,Oakville,www.michaelpozzanwinery.com,800 848-9630
518,Michael Scott Wines,2993 Brookwood Drive,Napa,www.premierwinebrokers.com,226-1622
519,Midsummer Cellars,107 Lilac Lane,St. Helena,www.midsummercellars.com,967-0432
520,Milat Vineyards,1091 St. Helena Hwy. S,St. Helena,www.milat.com,963-0758
521,Miller Wine Works,P.O. Box 3148,Napa,www.millerwineworks.com,254-9727
522,Minds Eye Winery,1241 Adams St. #1067,St. Helena,www.mindseyewinery.com,266-8457
523,Miner Family Vineyards,7850 Silverado Trail,Oakville,www.minerwines.com,944-9500x17
524,Mirror Wine Company,1360 Main Street Suite A,St. Helena,www.mirrorwine.com,968-5052
525,MJA Vineyards,647 Greenfield Road,St. Helena,www.mjavineyards.com,963-3394
527,Modus Operandi,5225 Solano Avenue,Napa,www.moduswines.com,257-2399
528,Moffett Vineyards,P.O. Box 6078,St. Helena,www.livingston-wines.com,965-3694
529,Montagna Vineyards,1521 Sage Canyon Road,St. Helena,www.montagnavineyards.com,963-8651
530,Monticelli Bros,4446 Stillson St,Napa,www.monticellibros.com,255-9100
531,Monticello Vineyards,4242 Big Ranch Road,Napa,www.corleyfamilynapavalley.com,253-2802x16
532,Moon Tsai,P.O. Box 565,Rutherford,www.moonetsai.com,812-8860
533,Morey Wine Cellars,P.O. Box 4261,Napa,www.moreycellars.com,226-2348
534,Morlet Family Wines,Rockland Road,St. Helena,www.morletwines.com,967-8690
535,Moss Creek Winery,6015 Steele Canyon Road,Napa,www.mosscreekwinery.com,252-1295
537,Mueller Family Vineyards,1515 Diamond Mountain Rd,Calistoga,www.muellerfamilyvineyards.com,942-5662
538,Muir-Hanna Vineyards,1240 Orchard Ave,Napa,www.muir-hanna.com,224-2114
539,Mumm Napa,8445 Silverado Trail,Napa,www.mummnapa.com,967-7700
540,Murphy Wines,1120 Pope Street Ste. 102,St. Helena,www.murphyvineyards.com,967-4272
542,MX Wines,1348-B Lincoln Ave,Calistoga,www.mxwines.com,942-1119
543,Myriad Cellars,P.O. Box 2016,St. Helena,www.myriadcellars.com,287-1630
545,Napa Cellars,2812 St. Helena Highway N,St. Helena,www.napacellars.com,963-5292
546,Napa Smith Winery,1 Executive Way,Napa,www.napasmithwinery.com,255-2912
547,Napa Station,447 Aviation Blvd #106,Santa Rosa,www.napastation.com,284-1094
548,Napa Valley College Estate,2277 Napa Vallejo Highway,Napa,www.nvcwinery.com,253-3259
549,Napa Valley Farms,929 Highway 29,St. Helena,www.napavalleyfarms.com,800 341-4993
550,Napa Wine Co,7830-40 St. Helena Hwy,Oakville,www.napawineco.com,944-1710
551,Narsai & Venus David Vnyrds,350 Berkely Park Blvd #5,Berkeley,www.narsaiwine.com,510 527-7900
552,Neal Family Vineyards,716 Liparita Road,Angwin,www.nealvineyards.com,965-2800
553,Neiman Cellars,631 River Glen Drive,Napa,www.neimancellars.com,224-9923
554,Nemerever Vineyards,P.O. Box 366,Oakville,www.nemerever.com,617 734-9319
555,Nepenthes Vineyard,Gordon Valley Road,Napa,www.nepenthesvineyard.com,427-1800
556,Newton Vineyards,2555 Madrona Ave,St. Helena,www.newtonvineyard.com,963-9000
557,Neyers Vineyards,2153 Sage Canyon Road,St. Helena,www.neyersvineyards.com,963-8840
558,Nichelini Winery,2950 Sage Canyon Road,St. Helena,www.nicheliniwinery.com,963-0717
559,Nickel & Nickel,8164 St. Helena Highway ,Oakville,www.nickelandnickel.com,967-9600
560,Nicolette Christopher,229 Silverado Springs Drive,Napa,www.nicolettechristopher.com,265-0932
561,Nine North Wines,5584 Silverado Trail,Napa,www.ninenorthwines.com,226-5511
562,Nord Estate Wines,P.O. Box 2676,Yountville,www.nordestatewines.com,945-1094
563,Northfield Wines,4205 Big Ranch Road,Napa,www.northfieldwines.com,254-7749
564,Notre Vin,1127 Pope Street Ste. 105,St. Helena,www.notrevin.com,318-3112
565,Nova Wines,P.O. Box 1014,St. Helena,www.marilynmerlot.com,963-5475
566,Oak Cliff Cellars,1471 First Street,Calistoga,www.oakcliffcellars.com,877 821-5304
567,Oakville Cross Wines,P.O. Box 125,Oakville,www.oakvillecrosswines.com,944-9200
568,Oakville East,7730 Silverado Trail,St. Helena,www.oakvilleeast.com,337-2035
569,Oakville Ranch,7781 Silverado Trail,Oakville,www.oakvilleranchvineyards.com,944-9665
571,O'Brien Estate Winery,1200 Orchard Ave,Napa,www.seductionwine.com,252-8463
572,Octave Wines,P.O. Box 585,Rutherford,www.octavewines.com,255-8317
573,Olabisi Wines,974 Lincoln Street,Napa,www.olabisiwines.com,803-0333
574,Oliver Caldwell Cellars,3480 St. Helena Highway,St. Helena,www.caldwellcellars.com,963-2037
575,One Acre,P.O. Box 3674,Yountville,www.oneacrewine.com,337-0379
576,OnThEdge Winery,1255 Lincoln Ave,Calistoga,www.onthedgewinery.com,963-5926
577,Opus One Winery,7900 St. Helena Highway,Oakville,www.opusonewinery.com,944-9442
578,Orin Swift Cellars,116 E. First Street,Napa,www.orinswift.com,967-9179
579,Oro Puro Vineyards,P.O. Box 6230,Napa,www.oropurovineyards.com,252-9222
580,O'Shaugnessey Estate,Call for directions,Angwin,www.oshaughnessywinery.com,965-2898
581,Ostreon Cellars,P.O. Box 3270,Yountville,www.ostreoncellars.com,737-6188
582,Outpost Wines,2075 Summit Lake Drive,Angwin,www.outpostwines.com,965-1718
583,Ovid Winery,255 Long Ranch Road,St. Helena,www.ovidvineyardsstore.com,963-3850
584,Page Wine Cellars,1370 Trancas Street #343,Napa,www.pagewinecellars.com,255-4665
585,Pahlmeyer Winery,P.O. Box 2410,Napa,www.pahlmeyer.com,255-2321
586,Palazzo Wine,3940 Laurel Cnyn Blvd 987,Studio City,www.palazzowine.com,425-5575
587,Palladian Estate Winery,690 Meadowood Lane,St. Helena,www.heronlakewinery.com,963-2108
588,Palmaz Vineyards,4029 Hagen Road,Napa,www.palmazvineyards.com,226-5587
589,Paloma Vineyard,4013 Spring Mountain Road,St. Helena,www.palomavineyard.com,963-7504
590,Paoletti Estates,4501 Silverado Trail,Calistoga,www.giannipaoletti.com,942-0689 
591,Paradigm Winery,1277 Dwyer Road,Oakville,www.paradigmwinery.com,944-1683
592,Parador Cellars,P.O. Box 3298,Yountville,www.paradorcellars.com,256-1770
593,Paraduxx,7257 Silverado Trail,Napa,www.paraduxx.com,945-0890
594,Parallel Wines,2920 Spring Mountain Rd #A,St. Helena,www.parallelwines.com,486-1100
595,Paratus,1945 Mt. Veeder Road,Napa,www.paratuswine.com,253-1722
596,Parry Cellars,3424 Silverado Trail N,St. Helena,www.parrycellars.com,967-8160
598,Patland Estate Vineyards,2431 Soda Canyon Road,Napa,www.patlandvineyards.com,888 539-4717
599,Patricia Howe Wines,1720 Spencer Street,Napa,www.pathowe.net,258-1763
600,Patz & Hall,851 Napa Vly Corp Way #A,Napa,www.patzhall.com,265-7700
601,Pavi,750 Chiles Ave,St. Helena,www.paviwines.com,963-9566
602,PB Hein Vineyards,140 Pine Place,St. Helena,www.pbheinvineyards.com,967-8638
603,Peacock Family Vineyard,3100 Spring Mountain Rd.,St. Helena,www.peacockfamilyvineyard.com,967-0770
604,Pedemonte Cellars,1151 Broadmoor Drive,Rutherford,www.pedemontecellars.com,933-8352
605,Pedras Wine Company,5040 Silverado Trail,Napa,www.pedraswine.com,287-4925
606,Peju,8466 St. Helena Highway,St. Helena,www.peju.com,963-3600x333
607,Penche Wines,1251 Orchard Ave,Napa,www.penchewine.com,260-7653
608,Pepin Vineyard,1156 Mee Lane,St. Helena,www.pepinvineyard.com,963-0980
609,Perata Vineyards,P.O. Box 3388,Yountville,www.peratavineyards.com,944-2299
611,Peripoli Estate Winery,P.O. Box 282,Napa,www.peripolli.com,255-9992
612,Perry Moore Wine,716 W. Whiting Ln,Arl Heights,www.perrymoore.com,968-0888
613,Peter Franus Wines,P.O. Box 10575,Napa,www.peterfranus.com,945-0542
614,Phelan Vineyard,1003 Dealy Lane,Napa,www.phelanvineyard.com,257-6175
615,Philip Togni Vineyard,3780 Spring Mountain Road,St. Helena,www.philiptognivineyard.com,963-3731
616,Phipps Family Cellars,700 Technology Way,Napa,www.pfcwine.com,265-0677
617,Phiver Pavitt,4660 Silverado Trail,Calistoga,www.phiferpavittwine.com,942-4787
618,Phoenix Vineyards,3175 Dry Creek Rd,Napa,www.phoenixvineyards.com,255-1971
620,Pina Cellars,8060 Silverado Trail,Napa,www.pinanapavalley.com,738-9328
621,Pine Ridge Winery,5901 Silverado Trail,Napa,www.pineridgewinery.com,253-7500
622,Pink Girl Wines,P.O. Box 854,Napa,www.pinkgirlwines.com,255-7357
623,Plumpjack,620 Oakville Cross Road,Oakville,www.plumpjack.com,945-1220
625,Polaris Wines,855 Bordeaux Way St. 860,Napa,www.polariswines.com,259-0476
626,Pope Valley Winery,6613 Pope Valley Road,Pope Valley,www.popevalleywinery.com,965-1246
627,Porter Family Vineyards,1189 Green Valley Road,Napa,www.porterfamilyvineyard.com,265-7980
628,Portfolio Winery,86 El Nido Drive,Napa,www.portfoliowinery.com,265-6555
629,Pott Wines,2272 Mount Veeder Road,Napa,www.pottwines.com,226-3277
630,Prager Winery & Portworks,1281Lewelling Ln,St. Helena,www.pragerport.com,963-7678
633,Pride Mountain Wines,4026 Spring Mountain Road,St. Helena,www.pridewines.com,963-4949
634,Prime Cellars,P.O. Box 4233,Napa,www.primenapawine.com,258-9773
635,Promise Wine,1091 Larkmead Lane ,Calistoga,www.promisewine.com,944-2565
636,Provenance Vineyards,1695 St Helena Hwy,St. Helena,www.provenancevineyards.com,968-3633
637,Punk Dog Wines,918 Enterprise Way #G,Napa,www.punkdogwines.com,253-9338
638,Pure Cru Wines,451 Gateway Road West,Napa,www.purecruwines.com,603-2943
641,Quill Wines,3340 Redwood Road,Napa,www.quillwine.com,738-5069
642,Quintessa,1601 Silverado Trail,Rutherford,www.quintessa.com,967-1601
643,Quivet Cellars,P.O. Box 2016,St. Helena,www.quivetcellars.com,287-1630
644,Quixote Winery,6126 Silverado Trail,Napa,www.quixotewinery.com,944-2659
645,R.H. Harrison,P.O. Box 5933,Napa,www.raharrisonfamilycellars.com,815-3569
646,Rahn Estate,1575 Deer Park Road,Angwin,www.rahnestate.com,965-1575
647,Ramian Estate,5225 Solano Avenue,Napa,www.ramianestate.com,287-2721
648,Ramspur Winery,3100 Old Sonoma Road,Napa,www.ramspurwinery.com,927-6300
649,Random Ridge,P.O. Box 691,Glen Ellen,www.randomridge.com,938-9085
650,Rare Cat Wines,P.O. Box 801,Rutherford,www.rarecatwines.com,968-5031
651,Raymond Vineyards,849 Zinfandel Lane,St. Helena,www.raymondvineyards.com,963-3141
652,Razi Winery,3108 Silverado Trail,Napa,www.raziwinery.com,224-4299
653,Reckless Wine Co,584 Main Street,St. Helena,www.recklesswine.com,963-3094
654,Realm Cellars,P.O. Box 544,St. Helena,www.realmcellars.com,967-0226
655,Reata Winery,1 Kirkland Ranch Road,Napa,www.reatawines.com,254-8673
656,Red Cap Vineyards,891 Ponderosa Drive,Angwin,www.redcapvineyards.com,965-1145
658,Redmon Family Vineyards,1185 Starr Ave,St. Helena,www.redmonvineyards.com,968-9252
659,Regan Wines,2691 Dorset Street,Napa,www.reganwines.com,257-1136
660,Regusci Winery,5584 Silverado Trail,Napa,www.regusciwinery.com,254-0403
661,Reid Family Vineyards,1020 Borrette Lane,Napa,www.reidfamilyvineyards.com,252-3195
662,Relic Wines,P.O. Box 327,St. Helena,www.relicwines.com,967-9380
663,Remridg,P.O. Box 1084,Calistoga,www.remridg.com,942-8267
664,Renard,2040 Pine Street,Napa,www.renardsyrah.com,265-9061
665,Renteria Wines,1106 Clark Street,Napa,www.renteriawines.com,253-7686
666,Retro Cellars,1955 Summit Lake Drive,Angwin,www.retrocellars.com,965-1042
667,Revana Family,2930 St. Helena Highway N,St. Helena,www.revanawine.com,967-8814
668,Reverence Wine Cellars,P.O. Box 4319,Napa,www.reverencewines.com,257-2608
669,Reverie Winery,1520 Diamond Mountain Rd,Calistoga,www.reveriewine.com,942-6800
670,Reynolds Family Winery,3266 Silverado Trail,Napa,www.reynoldsfamilywinery.com,258-2558
671,Riccabella Wines,14110 Castlebar Trail,Woodstock,www.riccabella.com,815 334-0525
672,Richard Grant Wine,1120 Darms Lane,Napa,www.richardgrantwine.com,259-0958
673,Richard Partridge,451 Sanitarium Road,St. Helena,www.richardpartridge.com,562 802-7345
674,Richard Perry Vineyards,1187 Green Valley Road,Napa,www.perryvineyards.com,209 728-9345
675,RigArt Garage Winery,89 Donaldson Way,American C,www.rigart.com,280-0774
676,Rios Wine Company,3970 Peterson Drive,Calistoga,www.rioswine.com,942-1276
677,Ritchie Creek,4024 Spring Mountain Road,St. Helena,www.ritchiecreek.com,963-4661
679,Rivera Vineyards,2520 Camino Diablo,Walnut Cr.,www.riverawinery.com,925 943-1111
680,Rivers Marie,1418 Cedar Street,Calistoga,www.riversmarie.com,942-2172
681,Road 31 Wine Co,230 Pickwick Drive,Napa,www.road31.com,649-1200
682,Robert Biale Vineyards,4038 Big Ranch Road,Napa,www.robertbialevineyards.com,257-7555
683,Robert Craig Winery,625 Imperial Way,Napa,www.robertcraigwine.com,252-2250
684,Robert Foley Vineyards,P.O. Box 847,Angwin,www.robertfoleyvineyards.com,965-2669
685,Robert Keenan,3660 Spring Mountain Road,St. Helena,www.keenanwinery.com,963-9177
686,Robert Mondavi,7801 St. Helena Highway,Oakville,www.robertmondavi.com,888 766-6328
687,Robert Nenow Winery,4078 Spring Mountain Rd.,St. Helena,www.robertnenowwinery.com,760 489-7691
688,Robert Pecota Winery,P.O. Box 303,Calistoga,www.robertpecotawinery.com,942-6625
689,Robert Sinskey,6320 Silverado Trail,Napa,www.robertsinskey.com,944-9090
690,Roberts + Rogers,3241 Ehlers Lane,St. Helena,www.robertsandrogers.com,942-7422
691,Robbins Vineyards,218 Zinfandel Lane,St. Helena,www.robbinsvineyards.com,967-8977
692,Robinson Family Vineyards,5880 Silverado Trail,Napa,www.robinsonfamilyvineyards.com,944-8004
693,Rocca Vineyards,129 Devlin Road,Napa,www.roccawines.com,255-2269
694,Rombauer Vineyards,3522 Silverado Trail,St. Helena,www.rombauervineyards.com,963-5170
695,Romeo Vineyards & Cellars,4425 Silverado Trail,Calistoga,www.romeovineyards.com,942-8239
696,Roots Run Deep,6795 Washington Street #C,Yountville,www.rootsrundeep.com,945-1045
697,Rossi Wallace,P.O. Box 343,St. Helena,www.rossi-wallace.com,963-0234
698,Round Pond,886 Rutherford Road,Rutherford,www.roundpond.com,877 963-9364
699,Rowland Cellars,1883 Carignan Way,Yountville,www.rowlandcellars.com,944-0543
700,Roy Estate,1181 Las Posadas Road Ste. B,Angwin,www.royestate.com,255-4409
701,Rubissow Winery,P.O. Box 450,Napa,www.rubissowsargent.com,253-8605
702,Ruby Kurant,963 Silverado Trail,Calistoga,www.rubykurant.com,845-3424
703,Rudd,500 Oakville Cross Road,Oakville,www.ruddwines.com,944-8577
704,Ruston Family,2798 Spring Street,St. Helena,www.rustonvines.com,967-8025
705,RustRidge Winery,2910 Lower Chiles Road,St. Helena,www.rustridge.com,965-9353
706,Rutherford Grove,1673 Hwy 29,Rutherford,www.rutherfordgrove.com,963-0544
707,Rutherford Hill,200 Rutherford Hill Road ,Rutherford,www.rutherfordhill.com,963-7194
708,Rutherford Ranch,1680 Silverado Trail,St. Helena,www.rutherfordranch.com,968-3200
709,Sabina Vineyards,3291 St. Helena Highway,St. Helena,www.sabinavineyards.com,963-0733
710,Saddleback Cellars,7802 Money Road,Oakville,www.saddlebackcellars.com,944-1305
711,Saintsbury,1500 Los Carneros Ave,Napa,www.saintsbury.com,252-0592
712,Salexis Wines,"257 Walnut Street, Suite D",Napa,www.salexiswines.com,256-3435
713,Salvestrin Wine Co,397 Main Street,St. Helena,www.salvestrinwinery.com,963-5105
714,Sand T Cellars,3194 Redwood Road,Napa,www.sandtcellars.com,252-6690
715,Saunter Wines,1214 Main Street,St. Helena,www.saunterwines.com,963-8690
717,Saviez Vineyards,4060 Silverado Trail,Calistoga,www.saviezvineyards.com,942-5889
718,Sawyer Cellars,8350 St. Helena Highway,Rutherford,www.sawyercellars.com,963-1980
719,Scaggs Vineyard,650 Wall Road,Napa,www.scaggsvineyard.com,944-2626
720,Scala Cellars,504 Marguerite Avenue,CD Mar,www.scalacellars.com,949 718-0869
721,Scarecrow,P.O. Box 144,Rutherford,www.scarecrowwine.com,963-3361
722,School House Vineyards ,3549 Langtry Rd,St. Helena,www.schoolhousevineyard.com,963-4240
723,Schlein Vineyard,1496 Walnut Drive,Oakville,www.schleinvineyard.com,765-8800
724,Schrader Cellars,1345 Lincoln Ave,Calistoga,www.schradercellars.com,942-1212
725,Schramsberg,1400 Schramsberg Road,Calistoga,www.schramsberg.com,942-4558
726,Schulz Cellars,P.O. Box 210,Glen Ellen,www.schulzcellars.com,938-3986
727,Schweiger Vineyards,4015 Spring Mountain Rd ,St. Helena,www.schweigervineyards.com,963-4882
728,Sciandri Family Vineyards,50 Kreuse Canyon Drive,Napa,www.sciandrivineyards.com,277-4999
729,Screaming Eagle,P.O. Box 12,Oakville,www.screamingeagle.com,944-0749
730,Scully Wine,100 Drake's Landing Road,Greenbrae,www.scullywine.com,415 925-4305
731,Seaver Vineyards,P.O. Box 888,Calistoga,www.seavervineyards.com,709-8314
732,Seavey Vineyard,1310 Conn Valley Road,St. Helena,www.seaveyvineyard.com,963-8339
733,Selene Wines,P.O. Box 3131,Napa,www.selenewines.com,258-8119
734,Sequoia Grove,8338 St. Helena Highway,Rutherford,www.sequoiagrove.com,944-2945
735,Sequum Wines,345 Lafata St Suite D,St. Helena,www.sequum.com,967-8597
736,Seven Stones Winery,44 Montgomery Street #4060,San Francisco,www.sevenstoneswinery.com,963-0993
737,Shafer,6154 Silverado Trail,Napa,www.shafervineyards.com,944-2877
738,Shelter Wine,1080 Fulton Lane,St. Helena,www.acmefinewines.com,888 963-0440
739,Sherwin Family Vineyards,4060 Spring Mountain Rd,St. Helena,www.sherwinfamilyvineyards.com,963-1154
740,Shibumi Knoll,3480 St. Helena Highway,St. Helena,www.shibumiknoll.com,968-9937
741,Shifflett Esate,1701 Madrona Ave,Napa,www.shifflettestate.com,975-6449
742,Showket Vineyards,7778 Silverado Trail,Oakville,www.showketvineyards.com,877 746-9538
743,Shypoke,2882A Foothill Blvd,Calistoga,www.shypoke.com,942-0420
744,Signorello Vineyards,4500 Silverado Trail,Napa,www.signorellovineyards.com,255-5990
745,Silver Oak Cellars,915 Oakville Crossroad,Oakville,www.silveroak.com,944-8808
746,Silver Stag Winery,5230 Country Lane,Napa,www.silverstagwinery.com,224-3111
747,Silverado Vineyards,6121 Silverado Trail,Napa,www.silveradovineyards.com,259-6617
748,Sinatra Family Estates,135 Camino Dorado Ste. 8c,Napa,www.sinatrafamilyestates.com,253-0700
749,Sjoeblom Winery,P.O. Box 3496,Napa,www.sjoeblom.com,968-9395
750,Sky Vineyards,1500 Lokoya Road,Napa,www.skyvineyards.com,935-1391
751,Slaughterhouse Cellars,8461 St. Helena Highway,Rutherford,www.slaughterhousecellars.com,967-0853
752,Sleeper Cellars,385 La Fata Street,St. Helena,www.bpwine.com/category.aspx?categoryID=712,967-0240
753,Sloan Family Winery,88 Auberge Road,Rutherford,www.sloanwine.com,967-8627
754,Smith Madrone,4022 Spring Mountain Rd,St. Helena,www.smithmadrone.com,963-2283
755,Snowden Vineyards,P.O. Box 84,St. Helena,www.snowdenvineyards.com,963-4292
756,Sodaro Estate Winery,24 Blue Oak Lane,Napa,www.sodarowines.com,975-6689
757,Somerston Winery,3450 Sage Canyon Road,St. Helena,www.somerstonwinery.com,968-9155
758,Sonador Cellars,P.O. Box 3867,Yountville,www.sonadorcellars.com,320-8596
759,Sosabe Cellars ,1190 Vineland Ave,St. Helena,www.sosabecellars.com,963-0145
760,Spelletich Cellars,195 Edgewood Place,Angwin,www.spellwine.com,965-0952
761,Spence Vineyards,920 White Cottage Road,Angwin,www.spencevineyards.com,965-3416
762,Spiridon Wines,5294 Washington Street,Napa,www.spiridonwines.com,486-1115
763,Spoto Wines,3630 Meadow Lane,Sacramento,www.spotowines.com,916 488-0780
764,Spotted Owl Wine,559 Brown Street,Napa,www.spottedowlwine.com,251-0815
765,Spottswoode Winery,21902 Madrona Ave,St. Helena,www.spottswoode.com,963-0134
766,Spring Mountain Vineyard,2805 Spring Mountain Rd,St. Helena,www.springmountainvineyard.com,967-4188
767,St. Barthelemy Cellars,6015 Steele Canyon Road,Napa,www.stbartwine.com,966-1513
768,St. Clement,2867 N St. Helena Hwy,St. Helena,www.stclement.com,800 331-8266
769,St. Helena Winery,100 Pratt Ave,St. Helena,www.sthelenawinery.com,877 245-6006
770,St. Supery,8440 St. Helena Highway,Rutherford,www.stsupery.com,800 942-0809
771,Staglin Family Vineyard,1570 Bella Oaks Lane,Rutherford,www.staglinfamily.com,944-0477
772,Stag's Leap Wine Cellars,5766 Silverado Trail,Napa,www.cask23.com,261-6441
773,Stags' Leap Winery,6150 Silverado Trail,Napa,www.stagsleap.com,944-1303
774,Stanton Vineyards,P.O. Box 394,Oakville,www.stantonvineyards.com,967-0482
776,Stella Reese,480 Bay Street,Angwin,www.stellareesewine.com,965-9804
777,Steltzner Vineyards,5998 Silverado Trail,Napa,www.steltzner.com,252-7272
778,Sterling Vineyards,1111 Dunaweal Lane,Calistoga,www.sterlingvineyards.com,942-3344
779,Stewart Cellars,P.O. Box 68,Rutherford,www.stewartcellars.com,963-9160
780,Stonehedge Winery,1004 Clinton Street,Napa,www.stonehedgewinery.com,256-4444
781,Stoney Hill Vineyard,3331 St. Helena Highway,St. Helena,www.stonyhillvineyard.com,963-2636
782,Storybook Mountain,3835 Highway 128,Calistoga,www.storybookwines.com,942-5310
783,Stratton Lummis,135 3rd Street,San Rafael,www.strattonlummis.com,415 259-2770
784,Sullivan Vineyards,1090 Galleron Road,Rutherford,www.sullivanwine.com,963-9646
785,Summers Winery,1171 Tubbs Lane,Calistoga,www.sumwines.com,942-5508
786,Summit Lake Vineyards,2000 Summit Lake Drive,Angwin,www.summitlakevineyards.com,965-2488
787,Surh Luchtel,P.O. Box 2486,Napa,www.surhluchtel.com,800 810-9463
788,Sutter Home,277 St. Helena Hwy,St. Helena,www.sutterhome.com,963-3104x 4208
789,Swanson Vineyards,1271 Manley Lane,Rutherford,www.swansonvineyards.com,967-3500
790,Switchback Ridge,4292 Silverado Trail,Calistoga,www.switchbackridge.com,967-8987
792,Sylk Cellars,5238 Silverado Trail,Napa,www.sylkcellars.com,226-3850
793,T Vine Cellars,3120 Old Lawley Toll Road,Calistoga,www.tvinecellars.com,942-8685
795,Tamber Bey Vineyard,P.O. Box 3495,Yountville,www.tamberbey.com,945-0483
796,Taylor Family Vineyards,5991 Silverado Trail,Napa,www.taylorfamilyvineyards.com,255-3593
797,Tayson Pierce Estate Wines,1060 Rutherford Road,Rutherford,www.taysonpiercewines.com,968-9780
798,Teachworth,4451 St. Helena Highway,Calistoga,www.teachworthcabs.com,942-8432
799,Teaderman Vineyards,221 Devlin Road,Napa,www.teadermanvineyards.com,255-8700
801,Tedeschi Family Winery,2779 Grant Street,Calistoga,www.tedeschifamilywinery.com,942-4274
802,Temple Family Vineyards,7220 Pope Valley Road,Pope Valley,www.templefamilyvineyards.com,963-4891
803,Terra Valentine,3787 Spring Mountain Rd,St. Helena,www.terravalentine.com,967-8340
804,Terraces,1450 Silverado Trail,Rutherford,www.terraceswine.com,963-1707
806,The Napa Valley Reserve,1000 Silverado Trail,St. Helena,www.thenapavalleyreserve.com,968-3192
807,Thomas Michael Cellars,P.O. Box 2191,Yountville,www.thomasmichaelcellars.com,224-4964
808,Three Clicks Wines,P.O. Box 2730,Yountville,www.threeclickswines.com,318-3623
809,Three Monkeys,P.O. Box 10366,Napa,www.threemonkeyswines.com,313-3800
810,Three Thieves,P.O. Box 248,St. Helena,www.threethieves.com,866 584-2697
811,Tierra Roja,P.O. Box 430,Oakville,www.tierraroja.com,255-4006
812,Titus Vineyards,1/4 mile N of Deer Park Rd,Calistoga,www.titusvineyards.com,963-3235
813,Toad Hall Cellars,1978 W. Zinfandel Lane,St. Helena,www.toadhallcellars.com,967-6754
814,Tobacco Road Cellars,3212 Jefferson Street,Napa,www.tobaccoroadcellars.com,888 770-3635
815,Tofanelli Family,1212 Pine Street,Calistoga,www.tofanelliwine.com,942-6504
816,Tom Eddy Wines,P.O. Box 1096,Calistoga,www.tomeddywines.com,942-4267
817,Tom Scott Vineyard,1465 Yountville Cross Road,Yountville,www.tomscottvineyard.com,944-0544
818,Toolbox Wine Co,1021 McKinstry Street,Napa,www.toolboxwineco.com,252-8665
819,Topaz Wines,1755 Monarch Drive,Napa,www.topazlateharvest.com,252-2468
820,Toquade Wine,P.O. Box 184,Rutherford,www.toquadewines.com,738-7779
821,TOR Kenward Family,1241 Adams Road St. 1045,St. Helena,www.torwines.com,963-3100
822,Tournesol Wine,4297 East Third Ave,Napa,www.tournesolwine.com,224-3960
823,Trahan Winery,P.O. Box 156,Rutherford,www.trahanwinery.com,342-1364
824,Trefethen Vineyards,1160 Oak Knoll Ave,Napa,www.trefethen.com,255-7700
825,Tres Sabores,1620 S. Whitehall Lane,Rutherford,www.tressabores.com,967-8027
826,Trespass Vineyard,1859 Hillview Place,St. Helena,www.trespassvineyard.com,963-0804
827,Tricycle Wine,"440 Grand Ave, #220",Oakland,www.tricyclewineco.com,255-4929
828,Trinchero Family,8210 St. Helena Highway,St. Helena,www.trincherowinery.com,963-5839
829,Trinitas Cellars,875 Bordeaux Way,Napa,www.trinitas-wines.com,935-3504
830,Tristant Vineyards,1012 Bale Lane,Calistoga,www.tristantvineyards.com,415 333-8383
831,Trivium,P.O. Box 411,St. Helena,www.triviumwine.com,299-8549
832,Troll Bridge Cellars,P.O. Box 3269,Yountville,www.trollbridgecellars.com,319-5028
833,Truchard Vineyard,3234 Old Sonoma Road,Napa,www.truchardvineyards.com,253-7153
834,Tuck Beckstoffer Wines,807 St. Helena Hwy S St. 1,St. Helena,www.tbwines.com,200-4410
835,Tudal Family,1015 Big Tree Road,St. Helena,www.tudalwinery.com,963-3947
836,Tulocay Winery,1426 Coombsville Road,Napa,www.tulocay.com,255-4064
837,Turley Wine Cellars,3358 St. Helena Hwy,St. Helena,www.turleywinecellars.com,963-0940
838,Turnbull Wine Cellars,8210 St. Helena Highway,St. Helena,www.turnbullwines.com,963-5839
839,Twenty Four Wines,2471 Solano Ave #239,Napa,www.twentyfourwines.com,337-7201
840,Twomey Cellars,1183 Dunaweal Lane,Calistoga,www.twomeycellars.com,942-2489
842,V Madrone,St. Helena Highway N.,St. Helena,www.vmadrone.com,877 994-6311
843,V. Sattui,1111 White Lane,St. Helena,www.vsattui.com,963-7774
844,Valance Wines,275 Mund Road,St. Helena,www.valancewines.com,963-7731
845,Valley Girl Wines,9 Skycrest Way,Napa,www.thevalleygirl.com,259-1879
846,Valley Legend Wine,4239 Maher Street,Napa,www.valleylegend.com,320-9916
847,Van Der Heyden Vineyards,4057 Silverado Trail,Napa,www.vanderheydenvineyards.com,257-0130
848,Varozza Vineyards,514 Pratt Ave,St. Helena,www.varozzavineyards.com,963-0331
849,Veedercrest Vineyards,649 Main Streeet,St. Helena,veedercrestvineyards.com,234-7243
850,Vellum Wines,P.O. Box 10800,Napa,www.vellumwines.com,879-8355
851,Venge Vineyards,P.O.  Box 457,Rutherford,www.vengevineyards.com,967-1008 
852,Versant Vineyards,1683 Sage Canyon Road,St. Helena,www.versantvineyards.com,967-9303
853,Viader,1120 Deer Park Road,Deer Park,www.viader.com,963-3816
854,Vice Versa,4225 Solano Ave Ste. 555,Napa,www.viceversawine.com,363-1954
856,Vin Roc,P.O. Box 5253,Napa,www.vinrocnapa.com,265-0943
857,Vinatieri Vineyards,P.O. Box 330,Yountville,www.vinatieriwine.com,738-5373
858,Vincent Arroyo,2361 Greenwood Ave,Calistoga,www.vincentarroyo.com,942-6995
859,Vine Cliff,7400 Silverado Trail,Napa,www.vinecliff.com,944-1364
860,Vine Hill Ranch,P.O. Box 46,Oakville,www.vinehillranch.com,944-8130
861,Vineyard 29,2929 St. Helena Highway N,St. Helena,www.vineyard29.com,963-9292
862,Vineyard 7 & 8,4028 Spring Mountain Rd.,St. Helena,www.vineyard7and8.com,963-9425
863,Vineyardist Wines,263 Petrified Forest,Calistoga,www.vineyardistwines.com,942-0120
864,Vino Family Vineyards,P.O. Box 269,St. Helena,www.vinofamily.com,227-8866
865,Vinoce,P.O. Box 324,Oakville,www.vinoce.com,944-8717
866,Vino D'Angelo,2426 Christie Court,Napa,www.vinodangelo.com,738-0498
867,Vinum Cellars,135 Camino Dorado Ste. 6,Napa,www.vinumcellars.com,254-8313
869,Viviani Vineyards,2800 Jefferson Street,Napa,www.viviani.com/#!page-4,265-1940
871,Voces,P.O. Box 687,Calistoga,www.voceswine.com,225-2474
872,Volker Eisele Family Estate,3080 Lower Chiles Valley,St. Helena,www.volkereiselefamilyestate.com,965-9485
874,Von Strasser,1520 Diamond Mountain Rd,Calistoga,www.vonstrasser.com,942-0930
875,Voss Vineyards,1862 El Centro Ave,Napa,www.vossvineyards.com,259-0993
877,W.H. Smith Wines,1181 Las Posadas Road,Angwin,www.whsmithwines.com,965-9726
878,W.S. Keyes Vineyard Estate,P.O. Box 328,Oakville,www.wskeyes.com,888 423-5758
879,Wallis Estate,1670 Diamond Mountain Rd,Calistoga,www.wallisestate.com,877 463-8008
881,Watermark Wine,1478 Fairway Vista Court,Calistoga,www.watermarkwine.com,942-1734
882,Waterstone Winery,P.O. Box 6979,Napa,www.waterstonewines.com,265-8523
883,Waugh Cellars,P.O. Box 3746,Napa,www.waughcellars.com,888 883-9463
885,Wharton Wines,P.O. Box 2291,Yountville,www.whartonwines.com,287-7967
886,Whetstone wine Cellars,1130 Main Street,Napa,www.whetstonewinecellars.com,254-0600
887,White Cottage Ranch,555 College Ave,Angwin,www.whitecottageranch.com,965-0516
888,White Rock Vineyards,1115 Loma Vista Dr,Napa,www.whiterockvineyards.com,257-7922
889,Whitehall Lane,1563 St. Helena Hwy,St. Helena,www.whitehalllane.com,800 963-9454
890,Wicker Vineyards,P.O. Box 18,Rutherford,www.wickervineyards.com,963-2251
892,William Harrison,1443 Silverado Trail,St. Helena,www.whwines.com,963-8762
893,William Hill Estate,1761 Atlas Peak Road,Napa,www.williamhillestate.com,224-4477
894,William Knuttel,1030-40 St. Helena Hwy,Oakville,www.williamknuttel.com,326-8234
895,Wine Garage Wines,1020 Foothill Blvd #C,Calistoga,www.winegarage.net,942-5332
896,Wing Canyon Vineyard,3100 Mt. Veeder Road,Napa,www.wingcanyonvineyard.com,265-8798
897,Winter Wine,1750 Dean York Lane,St. Helena,www.truewinter.com,967-9771
899,Witt Estate,1500 South Whitehall Lane,St. Helena,www.wittestate.com,967-8046
900,Wolf Family Vineyards,2125 Inglewood Ave,St. Helena,www.wolffamilyvineyards.com,963-6042
901,Work Vineyard,3190 Highway 128,Calistoga,www.workvineyard.com,942-0251
902,X Winery,1405 2nd Street ,Napa,www.xwinery.com,204-9522x9
903,XTANT Wines,P.O. Box 2430,Napa,www.xtantwines.com,224-7844
904,Yao Ming Wines,P.O. Box 111,Napa,www.yaofamilywines.com,968-7470
905,Yates Family,4723 Redwood Road,Napa,www.yatesfamilyvineyard.com,226-1800
906,York Creek,3601 Langtry Road,St. Helena,www.yorkcreek.com,415 522-1928
907,Young Ridge,945 Lincoln Ave,Napa,www.youngridge.com,265-8400
908,Y Rousseau Wines,551 Montgomery Street,Napa,www.yrousseauwines.com,287-3471
909,Z52 Wines,P.O. Box 6979,St. Helena,www.z52wines.com,265-8523
910,Zacherle Wines,1516 Harley Street,Calistoga,www.zacherlewines.com,942-4631
911,Zathila Vineyards,2250 Lake County Hwy,Calistoga,www.zahtilavineyards.com,942-9251
912,Zeitgeist Cellars,P.O. Box 552,St. Helena,www.zeitgeistcellars.com,963-9017
913,Ziata Wines,P.O. Box 407,Calistoga,www.ziatawines.com,888 942-2008
914,ZD Winery,8383 Silverado Trail,Napa,www.zdwines.com,963-5188
919,Business,Address,City,Website,Phone
920,1313 Main,1313 Main Street,Napa,www.calwine.com,226-7671
921,750 Wines,1224 Adams Street,St. Helena,www.750wines.com,963-0750
922,A Dozen Vintners,3000 St. Helena Highway N ,St. Helena,www.adozenvintners.com,226-9991
923,Acme Fine Wines,1080 Fulton Lane,St. Helena,www.acmefinewines.com,963-0440
924,Backroom Wines,"1000 Main Street, Shop 120",Napa,www.backroomwines.com,226-1378
925,Bounty Hunter,975 First Street,Napa,www.bountyhunterwine.com,252-5454
926,Calistoga Wine Stop,1458 Lincoln Ave #2,Calistoga,www.calistogawinestop.net,942-5556
927,District 4,1405 2nd Street,Napa,www.district4wine.com,254-4906
929,Groezingers Wine Shop,6484 Washington Street,Yountville,www.groezingers.com,944-2331
930,M(a)isonry,6711 Washington Street,Yountville,www.maisonry.com,944-0889
931,Mark Herold Wines,710 First Street,Napa,www.heroldwines.com,256-3111
932,Napa General Store,540 Main Street,Napa,www.napageneralstore.com,259-0762
933,Napa Smith,1 Executive Way,Napa,www.napasmithbrewery.com,255-2912
934,Napa Valley Toffee Co,1470 First Street,Napa,www.napavalleytoffeecompany.com,224-4907
935,Oxbow Wine Merchants,610 First Street,Napa,www.fpwm.com,257-5200
937,Silenus Vintners,5225 Solano Avenue,Napa,www.silenusvintners.com,299-3930
938,Salon St. Helena,1118 Hunt Street,St. Helena,www.salonsthelena.com,963-3193
939,Savour St. Helena,649 Main Street,St. Helena,www.savoursthelena.com,968-5445
940,Square One,1310 Napa Town Center,Napa,www.napatouristinfo.com,252-1000
941,St. Helena Wine Center,1321 Main Street,St. Helena,www.shwc.com,963-1313
942,TopFlight,1285 Napa Town Center,Napa,www.napavintages.com,253-9450
943,Uncorked at Oxbow,605 First Street,Napa,www.uncorked-at-oxbow.com,927-5864
944,V Wine Cellars,6525 Washington Street,Yountville,www.vwinecellar.com,531-7053
945,Vintner's Collective,1245 Main St,Napa,www.vintnerscollective.com,255-7150
946,Wine Garage,1020 Foothill Blvd #C,Calistoga,www.winegarage.net,942-5332
947,Yountville Tasting Station,6505 Washington Street,Yountville,No specific website,255-4665
